question,answer,context,title
what should be the diet when stroke occurs?," A heart-healthy diet is recommended to manage stroke risk factors. Emphasize fruits, vegetables, whole grains, lean proteins, and healthy fats. Limit sodium intake and maintain hydration.",nutrient purpose,nutrient purpose
what type of food should be taken by the heart failure patient?," Follow a heart-healthy diet that includes limited sodium intake, plenty of fruits and vegetables, whole grains, lean proteins, and healthy fats. Fluid restriction may be necessary in advanced cases.",nutrient purpose,nutrient purpose
what should be the diet when Tuberculosis(TB) occurs?,"A balanced diet that includes a variety of nutrient-dense foods is crucial. Focus on foods rich in protein, such as lean meats, fish, poultry, legumes, and dairy products. Also, include whole grains, fruits, and vegetables for essential vitamins and minerals.",nutrient purpose,nutrient purpose
what type of food should be taken when a person is affected by Influenza(Flu)?,"It's important to stay hydrated and consume a well-balanced diet that includes foods rich in vitamins A, C, and E. This can include fruits, vegetables, lean proteins, whole grains, and healthy fats.",nutrient purpose,nutrient purpose
what diet should be taken by a Malaria Patient?,"During and after recovery from malaria, it's important to replenish nutrients and restore energy. Consume a diet rich in protein, whole grains, fruits, vegetables, and healthy fats. Adequate hydration is also vital.
",nutrient purpose,nutrient purpose
what food should be preferred by a person suffering from HIV/AIDS? ," A healthy, balanced diet is essential to support the immune system. Focus on lean proteins, whole grains, fruits, vegetables, and healthy fats. Adequate protein intake is particularly important to maintain muscle mass.",nutrient purpose,nutrient purpose
what should be the diet of a Diabetes Patient?,"For diabetes management, a balanced diet is crucial. Emphasize complex carbohydrates (whole grains, legumes), lean proteins (fish, poultry, tofu), healthy fats (avocado, nuts, olive oil), and plenty of fruits and vegetables. Limit processed foods, sugary drinks, and foods high in saturated fats.",nutrient purpose,nutrient purpose
what type of food should be taken by a person suffering from Cancer?,"Opt for a diet rich in fruits, vegetables, whole grains, lean proteins, and healthy fats. Include a variety of colorful fruits and vegetables to benefit from their antioxidant properties. It's also important to stay hydrated and maintain a healthy weight.",nutrient purpose,nutrient purpose
what food should preferred by a person suffering from Alzheimer's disease?,"While no specific diet can prevent or cure Alzheimer's disease, a heart-healthy diet, such as the Mediterranean diet, is often recommended. This includes fruits, vegetables, whole grains, lean proteins, fatty fish, olive oil, and nuts.",nutrient purpose,nutrient purpose
what food should preferred by a person suffering from Parkinson's disease?,"A balanced diet is important, focusing on whole grains, lean proteins, fruits, vegetables, and healthy fats. Adequate fiber intake can help manage constipation, a common symptom in Parkinson's disease.",nutrient purpose,nutrient purpose
what type of food should be taken when a person is affected by Hepatitis?,"For liver health, consume a diet low in saturated and trans fats. Include high-quality proteins (lean meats, fish, legumes), whole grains, fruits, vegetables, and healthy fats (avocado, nuts, olive oil). Limit alcohol consumption.",nutrient purpose,nutrient purpose
what food should preferred by a person suffering from Cholera?,"During recovery from cholera, it's important to restore lost fluids and electrolytes. Rehydration solutions are crucial. As you recover, consume a balanced diet that includes a variety of nutrient-dense foods, including fruits, vegetables, whole grains, and lean proteins.",nutrient purpose,nutrient purpose
what type of food should be taken when a person is affected by Dengue fever?,"During recovery, focus on hydration and consuming easily digestible foods. Include fruits and vegetables rich in vitamin C, such as citrus fruits and leafy greens, to support the immune system.",nutrient purpose,nutrient purpose
what should be the diet of a Zika virus disease Patient?,"While there is no specific diet for Zika virus disease, it's important to maintain good nutrition. Consume a balanced diet with a variety of fruits, vegetables, whole grains, lean proteins, and healthy fats.",nutrient purpose,nutrient purpose
what food should preferred by a person suffering from Ebola virus disease?,"Due to the severe nature of Ebola, nutritional support is crucial. It's important to maintain hydration and consume a balanced diet that includes easily digestible foods such as soups, broths, and soft fruits.",nutrient purpose,nutrient purpose
what type of food should be taken when a person is affected by Measles?,"Adequate nutrition is essential during and after measles. Focus on hydration, consume soft and easily digestible foods such as soups, yogurt, and smoothies. Include fruits and vegetables for essential vitamins and minerals",nutrient purpose,nutrient purpose
what should be the diet of a Polio (Poliomyelitis) Patient?,"Proper nutrition is important for individuals affected by polio. Consume a balanced diet that includes fruits, vegetables, whole grains, lean proteins, and healthy fats. Adequate hydration and maintaining a healthy weight are also important.",nutrient purpose,nutrient purpose
what food should preferred by a person suffering from Rabies disease?,"There are no specific nutritional recommendations for rabies. However, it's important to maintain hydration and consume a balanced diet that provides essential nutrients for overall health and recovery.",nutrient purpose,nutrient purpose
what type of food should be taken when a person is affected by Asthma?,"While there is no specific diet to treat asthma, consuming a well-balanced diet with a variety of fruits, vegetables, whole grains, lean proteins, and healthy fats can help support overall lung health. Some studies suggest that antioxidants and omega-3 fatty acids may have a beneficial effect.",nutrient purpose,nutrient purpose
what should be the diet of a Hypertension (High blood pressure)Patient?,"Follow the DASH (Dietary Approaches to Stop Hypertension) diet, which includes plenty of fruits, vegetables, whole grains, lean proteins (such as poultry, fish, and legumes), low-fat dairy products, and limited sodium intake.",nutrient purpose,nutrient purpose
what food should preferred by a person suffering from Coronary artery disease?,"Consume a heart-healthy diet that includes fruits, vegetables, whole grains, lean proteins (such as fish, poultry, and legumes), healthy fats (olive oil, nuts, seeds), and limited saturated and trans fats.",nutrient purpose,nutrient purpose
what should be the diet when Osteoporosis occurs?,"Consume a diet rich in calcium and vitamin D to support bone health. Include dairy products, fortified plant-based milks, leafy greens, nuts, and seeds. Adequate protein intake is also important.",nutrient purpose,nutrient purpose
what should be the diet of a Cystic fibrosis Patient?,"Individuals with cystic fibrosis may have increased calorie and nutrient needs. Work with a registered dietitian to ensure adequate energy intake, healthy fats, protein, and fat-soluble vitamins.",nutrient purpose,nutrient purpose
what type of food should be taken when a person is affected by Rheumatoid arthritis?,"Some evidence suggests that an anti-inflammatory diet may help manage symptoms. Include fruits, vegetables, whole grains, fatty fish, nuts, and seeds. Omega-3 fatty acids and antioxidants can be beneficial.",nutrient purpose,nutrient purpose
what food should preferred by a person suffering from Gout disease?,"Limit foods high in purines, such as organ meats, shellfish, and some types of fish. Consume a balanced diet with low-fat dairy products, fruits, vegetables, whole grains, and maintain hydration.
",nutrient purpose,nutrient purpose
what food should preferred by a person suffering from Crohn's disease?,"Nutritional needs may vary depending on the individual and the disease state. Work with a healthcare team to determine the appropriate diet for managing symptoms, which may include a low-fiber or low-residue diet during flare-ups.",nutrient purpose,nutrient purpose
what should be the diet when Ulcerative colitis occurs?,"A diet that includes easily digestible foods and low-residue options may be beneficial during flare-ups. Focus on hydration and consume small, frequent meals. Work with a healthcare team to determine personalized dietary recommendations.",nutrient purpose,nutrient purpose
what should be the diet of a Kidney disease Patient?,"Nutritional needs for kidney disease depend on the stage of the disease and individual requirements. Limit sodium, phosphorus, and potassium intake. Moderate protein intake and maintain adequate hydration. Work with a registered dietitian for personalized guidance.",nutrient purpose,nutrient purpose
what food should preferred by a person suffering from Fibromyalgia disease?,"While there is no specific diet for fibromyalgia, some individuals may find symptom relief by avoiding trigger foods such as processed foods, caffeine, and artificial sweeteners. A balanced diet with whole foods is recommended.",nutrient purpose,nutrient purpose
what type of food should be taken when a person is affected by Osteoarthritis?,"A balanced diet that supports a healthy weight is important for managing osteoarthritis. Include fruits, vegetables, whole grains, lean proteins, and healthy fats. Omega-3 fatty acids and antioxidants may have a beneficial effect.",nutrient purpose,nutrient purpose
How does diet impact the development and management of ovarian cysts?,Diet may play a role in the development and management of ovarian cysts.,nutrient purpose,nutrient purpose
what should be the diet when Anemia occurs?,"Depending on the type of anemia (iron-deficiency, vitamin B12 deficiency, etc.), the diet may need to be adjusted. Focus on iron-rich foods such as lean meats, poultry, fish, legumes, and leafy greens. Include vitamin C-rich foods to enhance iron absorption.",nutrient purpose,nutrient purpose
what should be the diet of a Chronic obstructive pulmonary disease (COPD) Patient?,"Consume a balanced diet with adequate calories and protein to maintain muscle strength. Include fruits, vegetables, whole grains, lean proteins, and healthy fats. Adequate hydration is also important.",nutrient purpose,nutrient purpose
what food should preferred by a person suffering from Irritable bowel syndrome (IBS) disease?,"Dietary management for IBS often involves identifying trigger foods and individualized recommendations. Common approaches include a low FODMAP diet, which involves limiting fermentable carbohydrates, and identifying specific triggers through an elimination diet.",nutrient purpose,nutrient purpose
what should be the diet of a Hypothyroidism Patient?,"While no specific diet can cure hypothyroidism, it's important to consume a well-balanced diet that includes iodine-rich foods (seafood, iodized salt), selenium-rich foods (Brazil nuts, eggs), and foods that support thyroid health, such as fruits, vegetables, lean proteins, and whole grains.",nutrient purpose,nutrient purpose
How does diet impact the risk and progression of Alzheimer's disease?,Diet plays a role in the risk and progression of Alzheimer's disease. A healthy diet that includes nutrient-dense foods can help reduce the risk of cognitive decline and support brain health.,nutrient purpose,nutrient purpose
Are there specific dietary recommendations to support brain health and potentially reduce the risk of Alzheimer's disease?,"Specific dietary recommendations to support brain health and potentially reduce the risk of Alzheimer's disease include consuming a Mediterranean-style diet. This diet emphasizes fruits, vegetables, whole grains, lean proteins, healthy fats (such as olive oil and nuts), and limited amounts of red meat and processed foods.",nutrient purpose,nutrient purpose
"What are some foods that are considered beneficial for brain health and cognitive function, and should be included in a diet for individuals with Alzheimer's disease?","Foods that are considered beneficial for brain health and cognitive function include fatty fish (rich in omega-3 fatty acids), berries (high in antioxidants), leafy green vegetables (rich in vitamins and minerals), nuts and seeds (good sources of healthy fats), and turmeric (with potential anti-inflammatory properties).",nutrient purpose,nutrient purpose
Are there specific dietary recommendations to help reduce the risk of ovarian cysts or manage existing cysts?,"Specific dietary recommendations for ovarian cysts include a balanced diet rich in fruits, vegetables, whole grains, and lean proteins.",nutrient purpose,nutrient purpose
What foods should be avoided after a stroke?,"After a stroke, it's generally recommended to avoid or limit the consumption of processed foods high in trans fats, saturated fats, and sodium. These include fast food, fried foods, processed meats, sugary snacks, and high-sodium packaged foods.",nutrient purpose,nutrient purpose
Is it important to control sodium intake after a stroke?,"Yes, controlling sodium intake is crucial after a stroke. High sodium levels can contribute to high blood pressure, which is a risk factor for strokes. Limiting salt and processed foods and focusing on fresh, whole foods can help manage sodium intake.",nutrient purpose,nutrient purpose
Are there any specific foods that can help reduce the risk of another stroke?,"Several foods are associated with a reduced risk of stroke. These include fruits, vegetables, whole grains, lean proteins (such as fish and poultry), nuts, seeds, and legumes. Consuming foods rich in omega-3 fatty acids, such as fatty fish (salmon, mackerel, sardines), can also be beneficial.",nutrient purpose,nutrient purpose
How can a diet after a stroke support the recovery process?,"A diet after a stroke can support the recovery process by providing essential nutrients for healing and promoting overall health. A diet rich in fruits, vegetables, whole grains, lean proteins, and healthy fats can support brain health, reduce inflammation, and provide the necessary energy and nutrients for recovery.
",nutrient purpose,nutrient purpose
Should there be any restrictions on fat consumption after a stroke?,"While it's important to limit saturated and trans fats, it's essential to include healthy fats in the diet. Healthy fats, such as those found in avocados, nuts, seeds, and olive oil, can support heart health and overall well-being. However, moderation is still key due to their high caloric content.",nutrient purpose,nutrient purpose
Are there any specific vitamins or minerals that are important for stroke recovery?,"Several vitamins and minerals play a role in stroke recovery. These include B vitamins (especially B6, B12, and folate), vitamin D, vitamin E, magnesium, and potassium. However, it's best to consult with a healthcare professional to determine if any specific supplements are needed based on individual requirements.",nutrient purpose,nutrient purpose
What role does hydration play in post-stroke nutrition?,"Adequate hydration is important for post-stroke nutrition. Staying hydrated supports overall brain function, helps maintain healthy blood flow, and can prevent complications such as constipation. Aim to drink plenty of water throughout the day and limit the consumption of sugary beverages and alcohol.",nutrient purpose,nutrient purpose
Can caffeine consumption affect stroke recovery?,"While moderate caffeine consumption is generally safe for most individuals, excessive caffeine intake may lead to increased blood pressure. It's best to monitor caffeine intake and consult with a healthcare professional if there are concerns about its effects on stroke recovery.",nutrient purpose,nutrient purpose
Are there any specific dietary recommendations for individuals with diabetes who have had a stroke?,"Individuals with diabetes who have had a stroke should focus on managing blood sugar levels in addition to following a healthy post-stroke diet. This involves monitoring carbohydrate intake, choosing whole grains, incorporating lean proteins, and consuming plenty of non-starchy vegetables. It's important to work with a healthcare team, including a registered dietitian, to develop an appropriate meal plan.",nutrient purpose,nutrient purpose
How can a caregiver assist in ensuring a stroke survivor follows a healthy diet?,"Caregivers play a crucial role in supporting stroke survivors to follow a healthy diet. They can help with meal planning, grocery shopping, and food preparation. Caregivers can also provide encouragement, ensure medications are taken as prescribed, and assist with any dietary restrictions or modifications recommended by healthcare professionals. Working closely with a healthcare team will help caregivers stay informed and provide the best support possible.",nutrient purpose,nutrient purpose
What are the key dietary recommendations for managing heart failure?,"Key dietary recommendations for managing heart failure include consuming a low-sodium diet, incorporating fruits and vegetables, choosing lean proteins, opting for whole grains, limiting saturated and trans fats, and managing fluid intake. It's important to work with a healthcare professional or a registered dietitian to develop an individualized meal plan.",nutrient purpose,nutrient purpose
How does a low-sodium diet benefit individuals with heart failure?,"A low-sodium diet benefits individuals with heart failure by reducing fluid retention and managing blood pressure. Sodium can cause the body to retain excess fluid, leading to swelling and increased strain on the heart. Limiting sodium intake, typically to less than 2,000-2,500 milligrams per day, can help manage these symptoms.",nutrient purpose,nutrient purpose
Are there specific portion sizes or guidelines for heart failure patients to follow?,"While portion sizes may vary depending on individual needs, heart failure patients are generally advised to follow portion control guidelines to maintain a healthy weight and prevent excess fluid retention. These guidelines typically involve consuming moderate portions of carbohydrates, proteins, and fats, while emphasizing portion sizes for fruits and vegetables.",nutrient purpose,nutrient purpose
What are some examples of heart-healthy snacks that can be incorporated into a heart failure diet?,"Heart-healthy snacks that can be incorporated into a heart failure diet include fresh fruits and vegetables, unsalted nuts and seeds, low-sodium or homemade popcorn, yogurt or cottage cheese, whole grain crackers with hummus or guacamole, and small portions of lean deli meats.
",nutrient purpose,nutrient purpose
Can a heart failure diet include desserts or sweet treats? Are there any alternatives?,"While desserts and sweet treats should be consumed in moderation, there are alternatives that can be enjoyed as part of a heart failure diet. These include fresh fruits, fruit-based desserts with minimal added sugar, sugar-free gelatin or pudding, and small portions of dark chocolate (at least 70% cocoa).",nutrient purpose,nutrient purpose
Are there any specific cooking methods that should be encouraged or avoided for heart failure patients?,"Heart failure patients are generally encouraged to use cooking methods that minimize added fats and sodium. Preferred cooking methods include grilling, baking, steaming, boiling, and sautéing with minimal oil. Avoiding deep-frying and excessive use of butter or high-sodium sauces is important.",nutrient purpose,nutrient purpose
"What role does fluid restriction play in the management of heart failure, and how is it implemented in the diet?","Fluid restriction is often recommended for individuals with heart failure to help manage fluid balance and prevent excessive fluid buildup. The amount of fluid allowed per day may vary depending on individual needs and should be determined by a healthcare professional. This restriction includes not only beverages but also foods with high water content, such as soups and juicy fruits.",nutrient purpose,nutrient purpose
Are there any dietary supplements or vitamins recommended for individuals with heart failure?,"The use of dietary supplements and vitamins in heart failure management should be discussed with a healthcare professional. In some cases, supplements such as omega-3 fatty acids, Coenzyme Q10 (CoQ10), and certain minerals may be recommended, but individual needs can vary. It's important to consult with a healthcare professional before starting any supplements",nutrient purpose,nutrient purpose
"How does alcohol consumption affect heart failure, and what are the recommended limits, if any?","Alcohol can have negative effects on heart failure by weakening the heart muscle and interfering with medication effectiveness. In general, it's recommended to limit alcohol consumption or avoid it altogether. The recommended limits may vary depending on individual circumstances, and it's best to consult with a healthcare professional for personalized guidance.",nutrient purpose,nutrient purpose
What are some strategies to make heart-healthy meals enjoyable and flavorful for heart failure patients?,"To make heart-healthy meals enjoyable and flavorful, consider using herbs, spices, and other flavorings to enhance the taste without relying on excessive salt or sodium. Experiment with different cooking techniques, such as grilling or roasting, to bring out natural flavors. Additionally, exploring new recipes, incorporating a variety of ingredients, and involving the person in meal planning can make the dining experience more enjoyable.",nutrient purpose,nutrient purpose
what should be the diet of a Pancreatitis Patient?,"During acute pancreatitis, a clear liquid or low-fat diet may be recommended initially. As the condition improves, gradually introduce easily digestible foods. A low-fat, balanced diet is generally advised for chronic pancreatitis.",nutrient purpose,nutrient purpose
what type of food should be taken when a person is affected by Hyperthyroidism?,"Individuals with hyperthyroidism may have increased calorie and nutrient needs. Focus on a balanced diet with adequate protein, complex carbohydrates, and healthy fats. Limit caffeine and stimulant intake.",nutrient purpose,nutrient purpose
"what should be the diet when Autoimmune diseases (e.g., lupus, multiple sclerosis) occurs?","Nutritional needs may vary depending on the specific autoimmune disease and individual factors. A balanced diet with a variety of nutrient-dense foods is generally recommended. Some individuals may benefit from an anti-inflammatory diet, but personalized guidance is important.",nutrient purpose,nutrient purpose
What role does nutrition play in the management of TB disease?,"Nutrition plays a crucial role in the management of TB disease. Adequate nutrition supports the immune system, helps in combating infections, and promotes healing and recovery. Good nutrition can also minimize treatment side effects and improve the efficacy of TB medications.",nutrient purpose,nutrient purpose
Are there any specific dietary recommendations to support the treatment of TB disease?,"Yes, there are specific dietary recommendations to support TB treatment. It is important to consume a balanced diet that includes a variety of nutrient-rich foods. Focus on consuming adequate calories, proteins, vitamins (especially vitamin A, C, and E), minerals (such as zinc and iron), and omega-3 fatty acids.",nutrient purpose,nutrient purpose
How does a balanced diet help in boosting the immune system during TB treatment?,"A balanced diet helps in boosting the immune system during TB treatment by providing essential nutrients. Nutrients like vitamins A, C, and E, along with minerals like zinc, help in boosting immune function. Consuming a variety of fruits, vegetables, whole grains, lean proteins, and healthy fats ensures a well-rounded intake of these nutrients.",nutrient purpose,nutrient purpose
Are there any foods that should be avoided or restricted during TB treatment?,"While undergoing TB treatment, it is advisable to avoid or limit the consumption of foods that may interfere with the effectiveness of medications. For example, alcohol and grapefruit juice can interact with certain TB drugs. It is important to consult a healthcare professional for specific dietary restrictions based on the prescribed medications.",nutrient purpose,nutrient purpose
What are some nutrient-rich foods that can aid in the recovery process for individuals with TB disease?,"Nutrient-rich foods that can aid in the recovery process for individuals with TB disease include fruits, vegetables, whole grains, lean proteins (such as poultry, fish, legumes), nuts, seeds, dairy products, and healthy fats (like avocados and olive oil). These foods provide essential nutrients and support overall health and healing.",nutrient purpose,nutrient purpose
Is there a recommended calorie intake or specific macronutrient distribution during TB treatment?,"The recommended calorie intake and macronutrient distribution may vary depending on individual needs and factors such as age, gender, weight, and activity level. It is generally recommended to consume a balanced diet that provides adequate calories to meet energy needs. Consultation with a registered dietitian or healthcare professional can help determine personalized recommendations.",nutrient purpose,nutrient purpose
Can nutritional supplements be beneficial for individuals with TB disease?,"Nutritional supplements may be beneficial for individuals with TB disease, especially if there are deficiencies or challenges in meeting nutrient requirements through diet alone. However, it is important to consult a healthcare professional or a registered dietitian before starting any supplements to ensure appropriate usage and dosage.",nutrient purpose,nutrient purpose
How does protein intake contribute to the healing process and recovery from TB disease?,"Protein intake contributes to the healing process and recovery from TB disease by supporting tissue repair, immune function, and the production of enzymes and antibodies. Consuming adequate protein from sources such as lean meats, fish, poultry, eggs, legumes, and dairy products supports the body's healing and recovery processes.",nutrient purpose,nutrient purpose
Are there any dietary strategies to minimize side effects of TB medications?,"Some dietary strategies can help minimize side effects of TB medications. For example, consuming medication with food or milk can help reduce stomach upset. Drinking plenty of water can help prevent medication-induced dehydration. However, it is essential to follow the specific instructions provided by the healthcare professional regarding medication administration and potential food-drug interactions.",nutrient purpose,nutrient purpose
What are some practical tips to maintain a healthy and nutritious diet while undergoing TB treatment?,"Practical tips to maintain a healthy and nutritious diet while undergoing TB treatment include planning meals and snacks in advance to ensure a well-balanced diet, including a variety of fruits, vegetables, whole grains, lean proteins, and healthy fats. It is also important to stay hydrated, limit processed foods and sugary beverages, and consult a registered dietitian for personalized dietary advice and recommendations based on individual needs and medical condition.",nutrient purpose,nutrient purpose
What role does nutrition play in the management of malaria?," Nutrition plays a significant role in the management of malaria. Adequate nutrition supports the immune system, helps in repairing damaged tissues, and assists in the body's defense against the malaria parasite.",nutrient purpose,nutrient purpose
Are there any specific dietary recommendations to support the treatment of malaria?,"Specific dietary recommendations to support the treatment of malaria include consuming a balanced diet that provides all essential nutrients. It is important to focus on foods rich in vitamins (especially vitamin A, C, and E), minerals (such as iron and zinc), and antioxidants to support immune function and recovery.",nutrient purpose,nutrient purpose
How does a balanced diet help in strengthening the immune system during malaria treatment?,"A balanced diet helps in strengthening the immune system during malaria treatment by providing essential nutrients that support immune function. Nutrients like vitamins A, C, and E, along with minerals like iron and zinc, play a crucial role in boosting the immune system and promoting faster recovery.",nutrient purpose,nutrient purpose
Are there any foods that should be avoided or restricted during malaria treatment?,"During malaria treatment, it is advisable to avoid or restrict the consumption of foods that may exacerbate symptoms or interfere with medications. For example, it is recommended to limit the intake of sugary foods and beverages, as well as alcohol, as they can potentially weaken the immune system and interact with antimalarial drugs.",nutrient purpose,nutrient purpose
What are some nutrient-rich foods that can aid in the recovery process for individuals with malaria?,"Nutrient-rich foods that can aid in the recovery process for individuals with malaria include fruits, vegetables, whole grains, lean proteins (such as fish, poultry, legumes), nuts, seeds, dairy products, and healthy fats (like avocado and olive oil). These foods provide essential nutrients, antioxidants, and micronutrients that support the body's healing and recovery.",nutrient purpose,nutrient purpose
Is there a recommended calorie intake or specific macronutrient distribution during malaria treatment?," There is no specific recommended calorie intake or macronutrient distribution during malaria treatment. However, it is important to ensure adequate calorie intake to meet energy needs and support the body's healing process. Consulting with a healthcare professional or registered dietitian can help determine personalized recommendations based on individual needs.",nutrient purpose,nutrient purpose
Can nutritional supplements be beneficial for individuals with malaria?,"Nutritional supplements may be beneficial for individuals with malaria, especially if there are specific nutrient deficiencies or challenges in meeting nutrient requirements through diet alone. However, it is important to consult a healthcare professional or registered dietitian before starting any supplements to ensure appropriate usage and dosage.",nutrient purpose,nutrient purpose
How does adequate hydration contribute to the healing process and recovery from malaria?,"Nutritional supplements may be beneficial for individuals with malaria, especially if there are specific nutrient deficiencies or challenges in meeting nutrient requirements through diet alone. However, it is important to consult a healthcare professional or registered dietitian before starting any supplements to ensure appropriate usage and dosage.",nutrient purpose,nutrient purpose
Are there any dietary strategies to minimize side effects of antimalarial medications?,"There are no specific dietary strategies to minimize side effects of antimalarial medications. However, it is recommended to take medications with food to minimize gastrointestinal side effects. It is important to follow the instructions provided by the healthcare professional regarding medication administration and any potential food-drug interactions.",nutrient purpose,nutrient purpose
What are some practical tips to maintain a healthy and nutritious diet while undergoing malaria treatment?,"Practical tips to maintain a healthy and nutritious diet while undergoing malaria treatment include planning meals and snacks in advance to ensure a well-balanced diet, including a variety of fruits, vegetables, whole grains, lean proteins, and healthy fats. It is also important to stay hydrated, limit processed foods and sugary beverages, and consult a registered dietitian for personalized dietary advice and recommendations based on individual needs and medical condition.",nutrient purpose,nutrient purpose
What is the role of diet in managing diabetes?,"Diet plays a crucial role in managing diabetes. By making healthy food choices, individuals can control their blood sugar levels, manage weight, and reduce the risk of complications associated with diabetes.",nutrient purpose,nutrient purpose
Are there any specific dietary recommendations for individuals with diabetes?,"Specific dietary recommendations for individuals with diabetes include consuming a balanced diet that is rich in fiber, low in processed sugars and unhealthy fats, and includes a variety of fruits, vegetables, whole grains, lean proteins, and healthy fats. Portion control and monitoring carbohydrate intake are also important in managing blood sugar levels.",nutrient purpose,nutrient purpose
How does a balanced diet help in maintaining blood sugar levels for people with diabetes?,"A balanced diet helps individuals with diabetes maintain stable blood sugar levels by providing a steady release of glucose into the bloodstream. It includes a combination of carbohydrates, proteins, and fats, along with high-fiber foods that help slow down the absorption of sugar.",nutrient purpose,nutrient purpose
Are there any foods that should be avoided or limited in a diabetic diet?,"In a diabetic diet, it is important to avoid or limit foods that can cause a rapid increase in blood sugar levels. These include sugary beverages, processed snacks, refined grains, sugary desserts, and foods high in saturated and trans fats. It is important to read food labels and be mindful of hidden sugars and unhealthy fats.",nutrient purpose,nutrient purpose
What are some nutrient-rich foods that can support overall health and well-being in individuals with diabetes?,"Nutrient-rich foods that can support overall health and well-being in individuals with diabetes include leafy green vegetables, whole grains, lean proteins (such as poultry, fish, and legumes), low-fat dairy products, nuts, seeds, and healthy fats (such as avocados and olive oil). These foods provide essential nutrients, vitamins, minerals, and antioxidants that support overall health and help manage blood sugar levels.",nutrient purpose,nutrient purpose
What is the role of diet in managing liver disease?,"The role of diet in managing liver disease is crucial for supporting liver health, managing symptoms, and preventing further damage.",nutrient purpose,nutrient purpose
Are there any specific dietary recommendations for individuals with liver disease?,"Specific dietary recommendations for individuals with liver disease may include limiting sodium, avoiding alcohol, and monitoring protein and fat intake.",nutrient purpose,nutrient purpose
How does a liver-friendly diet support liver health and function?,"A liver-friendly diet reduces the workload on the liver, promotes healing, and includes a variety of fruits, vegetables, whole grains, lean proteins, and healthy fats.",nutrient purpose,nutrient purpose
Are there any foods that should be avoided or restricted to protect the liver in case of liver disease?,"Foods to avoid or restrict for liver disease include alcohol, high-sodium foods, fried and fatty foods, sugary beverages, and refined carbohydrates.",nutrient purpose,nutrient purpose
What are some nutrient-rich foods that can aid in the recovery process and promote liver health for individuals with liver disease?,"Nutrient-rich foods that aid in recovery and promote liver health include fruits, vegetables, whole grains, lean proteins, low-fat dairy, and healthy fats.",nutrient purpose,nutrient purpose
What are some protein-rich foods that can be beneficial for individuals with polio?,"Protein-rich foods that can be beneficial for individuals with polio include lean meats, poultry, fish, eggs, dairy products, legumes, nuts, and seeds.",nutrient purpose,nutrient purpose
How does adequate calorie intake contribute to the management of polio disease?,Adequate calorie intake is important for individuals with polio as it provides the necessary energy for healing and recovery. It helps maintain muscle strength and supports overall health and well-being.,nutrient purpose,nutrient purpose
"Are there specific vitamins or minerals that are particularly important for individuals with polio, and how can they be obtained through food?","Specific vitamins and minerals that are important for individuals with polio include vitamin C, vitamin D, vitamin E, calcium, and iron. These nutrients can be obtained through a balanced diet that includes fruits, vegetables, fortified dairy products, whole grains, lean meats, and leafy greens.",nutrient purpose,nutrient purpose
Are there any dietary restrictions or modifications that should be followed for individuals with polio?,"Dietary restrictions or modifications may vary depending on individual needs and the severity of the condition. However, it is generally recommended to follow a balanced diet that includes a variety of nutrient-rich foods. In some cases, individuals may require modifications such as soft or pureed foods if swallowing difficulties are present.",nutrient purpose,nutrient purpose
"What role does hydration play in the nutrition management of polio, and what are some recommended fluids for adequate hydration?","Hydration is crucial for individuals with polio as it helps maintain proper body function, supports muscle function, and aids in the elimination of waste products. Recommended fluids for adequate hydration include water, herbal teas, fruit juices (without added sugar), and electrolyte-rich beverages such as sports drinks or oral rehydration solutions as advised by a healthcare professional.",nutrient purpose,nutrient purpose
Which foods are rich in electrolytes and can help replenish fluids during dengue fever?,"Foods rich in electrolytes that can help replenish fluids during dengue fever include coconut water, sports drinks, clear soups, and broth.",nutrient purpose,nutrient purpose
What are some protein sources that can aid in tissue repair and recovery during dengue?,"Protein sources that aid in tissue repair and recovery during dengue include lean meats, poultry, fish, eggs, dairy products, legumes, nuts, and seeds.",nutrient purpose,nutrient purpose
Are there specific fruits or vegetables that are particularly beneficial for their vitamin C content during dengue?,"Fruits and vegetables that are particularly beneficial for their vitamin C content during dengue include citrus fruits (such as oranges and lemons), strawberries, kiwi, papaya, bell peppers, and leafy greens.",nutrient purpose,nutrient purpose
Are there any foods or beverages that should be avoided during dengue to prevent worsening of symptoms?,"To prevent worsening of symptoms, it is recommended to avoid fatty, greasy, and spicy foods, as well as processed foods high in sodium and sugar. Alcohol and caffeinated beverages should also be avoided as they can contribute to dehydration.",nutrient purpose,nutrient purpose
What are some dietary strategies to support the immune system during dengue infection?,"Dietary strategies to support the immune system during dengue infection include consuming a variety of fruits and vegetables rich in antioxidants, incorporating immune-boosting herbs and spices like ginger and turmeric, staying well-hydrated, and ensuring adequate protein intake for immune cell production and function. It is always best to consult with a healthcare professional for personalized dietary recommendations during dengue infection.",nutrient purpose,nutrient purpose
"What are some nutrient-rich foods that can support a strong immune system, which is essential for overall health?","Nutrient-rich foods that can support a strong immune system include fruits and vegetables, lean proteins (such as poultry, fish, and legumes), whole grains, nuts, and seeds.",nutrient purpose,nutrient purpose
Are there specific dietary recommendations to maintain energy levels and prevent weakness during the recovery process from rabies treatment?,"During the recovery process from rabies treatment, it is important to maintain adequate calorie intake to support energy levels. Including a balanced combination of carbohydrates, proteins, and healthy fats in meals can help prevent weakness.",nutrient purpose,nutrient purpose
How can a balanced diet contribute to the overall health and vitality of individuals who have recovered from rabies?,"A balanced diet, consisting of a variety of nutrient-dense foods, can contribute to the overall health and vitality of individuals who have recovered from rabies. This includes consuming fruits, vegetables, whole grains, lean proteins, and healthy fats to provide essential nutrients for overall well-being.",nutrient purpose,nutrient purpose
"What are some dietary strategies to support the nervous system and cognitive function, which may be affected by rabies infection?","To support the nervous system and cognitive function, it is beneficial to consume foods rich in omega-3 fatty acids (found in fatty fish, chia seeds, and walnuts), antioxidants (found in fruits and vegetables), and B-vitamins (found in whole grains, lean meats, and legumes).",nutrient purpose,nutrient purpose
Are there any specific dietary precautions or restrictions that individuals recovering from rabies should follow in order to prevent complications or support their overall well-being?,"Since there are no specific dietary precautions or restrictions for individuals recovering from rabies, following a general healthy eating pattern is recommended. This includes consuming a well-balanced diet, staying hydrated, and avoiding excessive intake of processed foods, added sugars, and unhealthy fats.",nutrient purpose,nutrient purpose
What are some anti-inflammatory foods that can help reduce airway inflammation in individuals with asthma?,"Anti-inflammatory foods that can help reduce airway inflammation in individuals with asthma include fruits such as berries and citrus fruits, vegetables like leafy greens and cruciferous vegetables, fatty fish rich in omega-3 fatty acids (e.g., salmon, mackerel), nuts and seeds, and spices like turmeric and ginger.",nutrient purpose,nutrient purpose
Are there specific nutrients or vitamins that are particularly beneficial for managing asthma symptoms?," Specific nutrients and vitamins that can be beneficial for managing asthma symptoms include vitamin D, magnesium, antioxidants (such as vitamins C and E), and omega-3 fatty acids. These nutrients can be obtained from sources like fatty fish, fortified dairy products, nuts, seeds, citrus fruits, leafy greens, and supplements as advised by a healthcare professional.",nutrient purpose,nutrient purpose
" Can certain foods trigger asthma symptoms or exacerbate the condition, and if so, which ones should be avoided?","Yes, certain foods can trigger asthma symptoms or worsen the condition in some individuals. Common triggers include dairy products, sulfites (found in wine and processed foods), processed meats, food additives, and high-sodium foods. It's important to identify personal trigger foods through observation and consultation with a healthcare professional.",nutrient purpose,nutrient purpose
 How does a diet rich in fruits and vegetables contribute to respiratory health and asthma management?,"A diet rich in fruits and vegetables contributes to respiratory health and asthma management by providing essential vitamins, minerals, and antioxidants. These nutrients can help strengthen the immune system, reduce inflammation, and support overall lung function.",nutrient purpose,nutrient purpose
 Are there any dietary strategies or modifications that can help improve lung function and reduce the frequency of asthma attacks?,"Dietary strategies that can help improve lung function and reduce the frequency of asthma attacks include maintaining a balanced diet with a variety of nutrient-rich foods, staying hydrated, avoiding excessive intake of processed and fried foods, and managing weight within a healthy range. Additionally, it is important to work with a healthcare professional or registered dietitian for personalized dietary recommendations based on individual needs and triggers.",nutrient purpose,nutrient purpose
What are some recommended food sources to replenish lost fluids and electrolytes during cholera?,"Recommended food sources to replenish lost fluids and electrolytes during cholera include oral rehydration solutions (ORS), clear broths, coconut water, diluted fruit juices without added sugar, and salted crackers.",nutrient purpose,nutrient purpose
"Are there specific nutrients or vitamins that are particularly important for individuals with cholera, and how can they be obtained through food?"," Important nutrients for individuals with cholera include electrolytes (sodium, potassium, and chloride), carbohydrates, and proteins. These can be obtained through foods such as bananas (potassium), yogurt (protein and electrolytes), rice (carbohydrates), and lean meats or legumes (protein).",nutrient purpose,nutrient purpose
" Can certain foods exacerbate symptoms or prolong the duration of cholera, and if so, which ones should be avoided?","During cholera, it is advised to avoid foods that can worsen diarrhea or further dehydrate the body. These include spicy foods, high-fiber foods, fatty or greasy foods, and caffeine-containing beverages.",nutrient purpose,nutrient purpose
How does a balanced diet contribute to the overall recovery process and rebuilding of strength during cholera?,"balanced diet contributes to the overall recovery process and rebuilding of strength during cholera by providing essential nutrients for healing and immune support. It includes a variety of nutrient-dense foods like fruits, vegetables, whole grains, lean proteins, and healthy fats.",nutrient purpose,nutrient purpose
Are there any dietary precautions or modifications that should be followed during the acute phase of cholera to support healing and prevent complications?," During the acute phase of cholera, it is important to follow dietary precautions such as consuming only safe, well-cooked foods, practicing good hygiene and food safety measures, avoiding raw or undercooked seafood, and maintaining proper hand hygiene to prevent further spread of the infection. It is recommended to consult with healthcare professionals or registered dietitians for personalized dietary advice during cholera.",nutrient purpose,nutrient purpose
 What are some iron-rich foods that can help improve iron levels in individuals with anemia?," Iron-rich foods that can help improve iron levels in individuals with anemia include red meat, poultry, seafood (such as oysters and clams), beans, lentils, tofu, spinach, fortified cereals, and nuts/seeds (such as pumpkin seeds and almonds).",nutrient purpose,nutrient purpose
"Are there specific nutrients or vitamins, besides iron, that are important for managing anemia, and which foods are good sources of these nutrients?"," Besides iron, important nutrients for managing anemia include vitamin C, vitamin B12, and folate. Foods rich in vitamin C (such as citrus fruits, strawberries, bell peppers) can enhance iron absorption. Vitamin B12 can be obtained from animal products like meat, fish, dairy, and fortified plant-based foods. Folate sources include dark leafy greens, lentils, beans, fortified grains, and citrus fruits.",nutrient purpose,nutrient purpose
 Can certain foods hinder iron absorption and should be avoided or consumed in moderation by individuals with anemia?," Certain foods can hinder iron absorption and should be consumed in moderation or avoided. These include tea, coffee, calcium-rich foods (such as dairy products), and foods high in phytates (found in whole grains and legumes). It is advisable to separate the consumption of these foods from iron-rich meals.",nutrient purpose,nutrient purpose
 How does a balanced diet contribute to the prevention and management of anemia?," A balanced diet contributes to the prevention and management of anemia by providing a wide range of essential nutrients needed for red blood cell production and overall health. This includes consuming a variety of fruits, vegetables, whole grains, lean proteins, and healthy fats.",nutrient purpose,nutrient purpose
 Are there any dietary strategies or modifications that can enhance iron absorption and maximize the effectiveness of iron supplementation for individuals with anemia?,"To enhance iron absorption and maximize the effectiveness of iron supplementation, it is recommended to consume iron-rich foods along with foods high in vitamin C. For example, pairing iron-rich beans with vitamin C-rich peppers or consuming iron-fortified cereals with a glass of orange juice. Additionally, avoiding foods and substances that hinder iron absorption, as mentioned earlier, can also help optimize iron absorption. It is important to consult with healthcare professionals or registered dietitians for personalized dietary advice and iron supplementation guidance for managing anemia.",nutrient purpose,nutrient purpose
What are some dietary recommendations for individuals with kidney disease to manage their protein intake while ensuring adequate nutrition?," Dietary recommendations for individuals with kidney disease include managing protein intake by consuming high-quality proteins such as lean meats, poultry, fish, eggs, and dairy products in appropriate portions. Limiting high-protein foods like red meat and processed meats can help reduce the workload on the kidneys.",nutrient purpose,nutrient purpose
"Are there specific nutrients or minerals that should be limited or monitored in the diet of individuals with kidney disease, and which foods are high in these nutrients?"," Individuals with kidney disease should monitor their intake of nutrients like sodium, potassium, and phosphorus. Foods high in potassium include bananas, oranges, tomatoes, and potatoes. Foods high in phosphorus include dairy products, nuts, seeds, and processed foods. Monitoring and limiting the intake of these nutrients can help manage kidney function.",nutrient purpose,nutrient purpose
"Can certain foods or beverages worsen kidney function or should be avoided by individuals with kidney disease, and why?"," Certain foods and beverages can worsen kidney function in individuals with kidney disease. These include high-sodium foods, processed foods, carbonated beverages, and alcohol. These should be avoided or consumed in moderation to prevent further kidney damage and manage blood pressure.",nutrient purpose,nutrient purpose
"How does sodium intake affect kidney health, and what are some tips for reducing sodium in the diet?"," Excessive sodium intake can lead to fluid retention and high blood pressure, which can strain the kidneys. To reduce sodium in the diet, individuals with kidney disease should limit the consumption of processed foods, canned soups, salty snacks, and condiments. Using herbs, spices, and salt substitutes can add flavor to meals without adding excessive sodium.",nutrient purpose,nutrient purpose
Are there any dietary strategies or modifications that can help support kidney function and overall health in individuals with kidney disease?," Dietary strategies to support kidney function and overall health in individuals with kidney disease include staying hydrated, consuming a balanced diet with controlled portions, and working with a registered dietitian to create a personalized meal plan. Following a low-sodium and low-phosphorus diet, along with managing protein intake and controlling blood sugar and blood pressure levels, can help support kidney function and overall well-being.",nutrient purpose,nutrient purpose
 What are some dietary recommendations to help lower blood pressure and manage hypertension?,"Dietary recommendations to help lower blood pressure and manage hypertension include consuming a diet rich in fruits, vegetables, whole grains, lean proteins, and low-fat dairy products. This diet should also be low in saturated fats, cholesterol, and sodium.",nutrient purpose,nutrient purpose
" Are there specific nutrients or minerals that can help regulate blood pressure, and which foods are good sources of these nutrients?","Specific nutrients and minerals that can help regulate blood pressure include potassium, magnesium, and fiber. Foods rich in potassium include bananas, oranges, spinach, and sweet potatoes. Magnesium-rich foods include nuts, seeds, whole grains, and legumes. High-fiber foods like fruits, vegetables, and whole grains can also support healthy blood pressure levels.",nutrient purpose,nutrient purpose
"Can certain foods or food groups worsen hypertension or should be limited in the diet, and why?","Certain foods or food groups that should be limited in the diet of individuals with hypertension include those high in sodium, saturated fats, and added sugars. Processed foods, fast food, fried foods, red meats, sugary beverages, and high-sodium condiments should be avoided or consumed in moderation.",nutrient purpose,nutrient purpose
"How does sodium intake affect blood pressure, and what are some tips for reducing sodium in the diet to manage hypertension?","Excessive sodium intake can contribute to high blood pressure. Tips for reducing sodium in the diet include reading food labels, choosing low-sodium or sodium-free products, cooking at home using fresh ingredients, and minimizing the use of table salt. Instead, herbs, spices, and salt substitutes can be used to add flavor to meals.",nutrient purpose,nutrient purpose
" Are there any specific dietary patterns or approaches, such as the DASH diet, that are recommended for individuals with hypertension?"," The Dietary Approaches to Stop Hypertension (DASH) diet is a recommended dietary pattern for individuals with hypertension. It emphasizes fruits, vegetables, whole grains, lean proteins, and low-fat dairy products while limiting saturated fats, cholesterol, and sodium. The DASH diet has been shown to help lower blood pressure and reduce the risk of cardiovascular disease.",nutrient purpose,nutrient purpose
 What are some dietary recommendations to help manage symptoms and support nutritional needs in individuals with Crohn's disease?,"Dietary recommendations to help manage symptoms and support nutritional needs in individuals with Crohn's disease include consuming a well-balanced diet that is easily digestible, rich in nutrients, and tailored to individual needs. Working with a registered dietitian can help create a personalized meal plan.",nutrient purpose,nutrient purpose
" Are there specific nutrients or vitamins that may be deficient in individuals with Crohn's disease, and which foods are good sources of these nutrients?"," Individuals with Crohn's disease may be at risk of nutrient deficiencies, particularly in vitamins D, B12, and folate, as well as iron and calcium. Foods such as fatty fish, fortified dairy products, lean meats, leafy greens, legumes, and fortified cereals can provide these nutrients.",nutrient purpose,nutrient purpose
" Can certain foods or food groups trigger flare-ups or worsen symptoms in individuals with Crohn's disease, and should they be avoided?"," Certain foods or food groups can trigger flare-ups or worsen symptoms in individuals with Crohn's disease, but the specific triggers can vary between individuals. Common triggers include high-fiber foods, spicy foods, fatty foods, caffeine, alcohol, and certain dairy products. Identifying and avoiding individual trigger foods is important.",nutrient purpose,nutrient purpose
"How does fiber intake affect Crohn's disease, and what are some tips for managing fiber in the diet for individuals with this condition?","Fiber intake can affect Crohn's disease differently depending on the individual. Some individuals may benefit from a low-fiber diet during flare-ups to reduce intestinal irritation, while others may tolerate and benefit from a gradual increase in fiber intake during remission to support bowel regularity. Consulting with a healthcare professional or dietitian can provide guidance on managing fiber intake.",nutrient purpose,nutrient purpose
"Are there any specific dietary approaches, such as a low-residue or low-FODMAP diet, that are recommended for individuals with Crohn's disease?","Specific dietary approaches that may be recommended for individuals with Crohn's disease include a low-residue diet or a low-FODMAP diet. A low-residue diet limits high-fiber foods and aims to reduce stool bulk, while a low-FODMAP diet limits certain types of carbohydrates that can cause digestive symptoms. These diets are typically used under the guidance of a healthcare professional or dietitian to manage symptoms and provide temporary relief.",nutrient purpose,nutrient purpose
 What are some dietary recommendations to support joint health and manage symptoms of osteoarthritis?," Dietary recommendations to support joint health and manage symptoms of osteoarthritis include consuming a well-balanced diet with a variety of fruits, vegetables, whole grains, lean proteins, and healthy fats. Incorporating anti-inflammatory foods and maintaining a healthy weight are also important.",nutrient purpose,nutrient purpose
"Are there specific nutrients or vitamins that are beneficial for individuals with osteoarthritis, and which foods are good sources of these nutrients?"," Specific nutrients and vitamins that are beneficial for individuals with osteoarthritis include omega-3 fatty acids, vitamin D, vitamin C, and antioxidants. Foods rich in omega-3 fatty acids include fatty fish, flaxseeds, and chia seeds. Vitamin D can be obtained through sunlight exposure and fortified foods. Citrus fruits, berries, and leafy greens are good sources of vitamin C. Antioxidants can be found in colorful fruits and vegetables.",nutrient purpose,nutrient purpose
"Can certain foods or food groups worsen inflammation and joint pain in individuals with osteoarthritis, and should they be avoided?"," Certain foods or food groups can worsen inflammation and joint pain in individuals with osteoarthritis. These may include processed foods, sugary snacks and drinks, refined carbohydrates, and foods high in saturated fats. Limiting or avoiding these foods may help reduce inflammation and alleviate symptoms.",nutrient purpose,nutrient purpose
"How does body weight and diet affect osteoarthritis, and what are some dietary strategies to maintain a healthy weight and reduce stress on the joints?","Body weight and diet play a significant role in osteoarthritis. Maintaining a healthy weight can reduce stress on the joints and improve symptoms. Dietary strategies to maintain a healthy weight include portion control, choosing nutrient-dense foods, and incorporating regular physical activity into the routine.",nutrient purpose,nutrient purpose
"Are there any specific dietary supplements or alternative therapies that may be beneficial for individuals with osteoarthritis, and should they be considered as part of the overall management plan?","Some individuals may consider dietary supplements such as glucosamine, chondroitin, and turmeric as part of their overall management plan for osteoarthritis. However, it is important to consult with a healthcare professional before starting any new supplements or alternative therapies, as their effectiveness and safety can vary. Additionally, it is recommended to focus on a well-balanced diet and lifestyle modifications as the primary approach to managing osteoarthritis.",nutrient purpose,nutrient purpose
"Are there specific foods or nutrients that can help alleviate symptoms of allergies, such as hay fever?"," Some foods and nutrients may help alleviate symptoms of allergies, such as hay fever. These include foods rich in vitamin C (citrus fruits, berries, bell peppers), quercetin (apples, onions, berries), omega-3 fatty acids (fatty fish, flaxseeds, chia seeds), and probiotics (yogurt, kefir, fermented foods). These nutrients have anti-inflammatory and immune-supporting properties.",nutrient purpose,nutrient purpose
" Can certain foods or food groups exacerbate allergy symptoms or trigger allergic reactions, and should they be avoided?","Certain foods or food groups can exacerbate allergy symptoms or trigger allergic reactions in susceptible individuals. Common culprits include allergens like tree nuts, peanuts, shellfish, eggs, soy, and dairy products. It is important to identify individual food triggers and avoid them if necessary.",nutrient purpose,nutrient purpose
" Are there any dietary patterns or approaches, such as an anti-inflammatory diet, that may be beneficial for individuals with allergies?","Following an anti-inflammatory diet, which emphasizes fruits, vegetables, whole grains, lean proteins, and healthy fats, may be beneficial for individuals with allergies. This dietary pattern reduces inflammation in the body and supports overall immune function.",nutrient purpose,nutrient purpose
" How does hydration and fluid intake impact allergy symptoms, and are there specific fluids or beverages that can help alleviate symptoms?","Hydration and fluid intake can help alleviate allergy symptoms by thinning mucus and promoting its clearance. Drinking plenty of water, herbal teas, and clear broths can help keep the body hydrated and support the body's natural defense mechanisms.",nutrient purpose,nutrient purpose
" Are there any specific dietary supplements or herbal remedies that are recommended for managing allergies, and should they be considered as part of an overall management plan?","Some individuals may consider dietary supplements or herbal remedies for managing allergies, but it is important to consult with a healthcare professional before starting any new supplements. Supplements such as vitamin C, quercetin, and omega-3 fatty acids may offer some relief. Herbal remedies like stinging nettle, butterbur, and bromelain have been studied for their potential benefits in managing allergy symptoms, but their effectiveness and safety may vary, so professional guidance is advised. It is important to note that dietary supplements and herbal remedies should not replace prescribed medications or medical advice.",nutrient purpose,nutrient purpose
 What are some dietary recommendations to support respiratory health and manage symptoms of bronchitis?,"Dietary recommendations to support respiratory health and manage symptoms of bronchitis include consuming a well-balanced diet that is rich in fruits, vegetables, whole grains, lean proteins, and healthy fats. These foods provide essential nutrients and antioxidants that support immune function and overall respiratory health.",nutrient purpose,nutrient purpose
" Are there specific nutrients or vitamins that can help strengthen the immune system and promote healing in individuals with bronchitis, and which foods are good sources of these nutrients?","Specific nutrients and vitamins that can help strengthen the immune system and promote healing in individuals with bronchitis include vitamin C, vitamin A, vitamin E, zinc, and omega-3 fatty acids. Foods rich in these nutrients include citrus fruits, bell peppers, leafy greens, nuts, seeds, fish, and fortified dairy products.",nutrient purpose,nutrient purpose
" Can certain foods or food groups worsen respiratory symptoms or increase mucus production in individuals with bronchitis, and should they be avoided?","Certain foods or food groups can worsen respiratory symptoms or increase mucus production in individuals with bronchitis. These may include dairy products, refined sugars, and processed foods. It is recommended to avoid or limit these foods if they exacerbate symptoms.",nutrient purpose,nutrient purpose
"How does hydration and fluid intake impact bronchitis symptoms, and are there specific fluids or beverages that can help alleviate symptoms?"," Hydration and fluid intake play a crucial role in managing bronchitis symptoms. Staying well-hydrated helps thin mucus and facilitate its removal from the respiratory system. Drinking water, herbal teas, and warm broths can help soothe the airways and maintain hydration.",nutrient purpose,nutrient purpose
"Are there any specific dietary patterns or approaches, such as an anti-inflammatory diet or a diet rich in antioxidants, that may be beneficial for individuals with bronchitis?"," Following an anti-inflammatory diet or a diet rich in antioxidants may be beneficial for individuals with bronchitis. These dietary approaches emphasize fruits, vegetables, whole grains, nuts, seeds, and fatty fish. They help reduce inflammation in the body and provide essential nutrients for respiratory health. It is important to consult with a healthcare professional or a registered dietitian for personalized dietary recommendations.",nutrient purpose,nutrient purpose
Are there specific foods or nutrients that can help prevent or manage urinary tract infections?,"There are no specific foods or nutrients that can directly prevent or manage urinary tract infections (UTIs). However, maintaining good overall nutrition and a healthy immune system can support urinary tract health.",nutrient purpose,nutrient purpose
"Can certain foods or beverages worsen UTI symptoms or irritate the urinary tract, and should they be avoided?"," Certain foods or beverages that may worsen UTI symptoms or irritate the urinary tract include spicy foods, caffeine, alcohol, carbonated drinks, and foods high in artificial additives. It is advisable to avoid or limit these foods if they aggravate your symptoms.",nutrient purpose,nutrient purpose
Are there any dietary habits or practices that can support urinary tract health and reduce the risk of UTIs?," Adopting healthy dietary habits can support urinary tract health and reduce the risk of UTIs. This includes maintaining proper hydration by drinking an adequate amount of water throughout the day, promoting regular bowel movements, and practicing good hygiene.",nutrient purpose,nutrient purpose
"How does hydration and fluid intake impact urinary tract health, and are there specific fluids or beverages that can help prevent UTIs?"," Hydration and fluid intake are important for urinary tract health. Drinking plenty of water helps flush out bacteria and dilute urine, which can help prevent UTIs. Water is generally the best choice for hydration, but other fluids like herbal teas or unsweetened cranberry juice may also be beneficial.",nutrient purpose,nutrient purpose
"Are there any specific dietary supplements or natural remedies that are recommended for preventing or managing UTIs, and should they be considered as part of the overall management plan?","Cranberry supplements or cranberry juice have been traditionally associated with UTI prevention. Cranberries contain compounds that may help prevent bacteria from adhering to the urinary tract walls. However, the evidence regarding their effectiveness is mixed, and they should not be used as a substitute for medical treatment. It is important to consult with a healthcare professional before considering any dietary supplements or natural remedies for UTI prevention or management.",nutrient purpose,nutrient purpose
"How does vitamin C contribute to respiratory health, and are there specific food sources that can help boost vitamin C intake during pneumonia?","Vitamin C helps respiratory health. Citrus fruits, strawberries, bell peppers, broccoli are good sources.",nutrient purpose,nutrient purpose
Is there a recommended intake of zinc or specific zinc-rich foods that can support immune function and recovery from pneumonia?,"Zinc supports immune function and recovery. Oysters, beef, poultry, beans, nuts, and seeds are rich in zinc.",nutrient purpose,nutrient purpose
Are there any dietary considerations for individuals with pneumonia who have difficulty swallowing or chewing?,Soft or pureed foods are recommended for individuals with difficulty swallowing or chewing.,nutrient purpose,nutrient purpose
Can herbal teas or specific natural remedies help alleviate symptoms or support the respiratory system during pneumonia?,"Herbal teas can provide comfort, but their direct effectiveness in treating pneumonia is limited.",nutrient purpose,nutrient purpose
How does adequate calorie intake and nutrition support energy levels and overall recovery during pneumonia?,Adequate calorie intake and balanced nutrition support energy levels and recovery during pneumonia,nutrient purpose,nutrient purpose
"Can certain foods or beverages trigger migraines, and are there common triggers to be aware of?","Certain foods or beverages can trigger migraines in some individuals. Common triggers include chocolate, aged cheeses, processed meats, alcohol (especially red wine), caffeine, citrus fruits, and artificial sweeteners. It's important to identify personal triggers and avoid them.",nutrient purpose,nutrient purpose
Are there any specific dietary strategies or recommendations to help prevent or reduce the frequency of migraines?,"Some dietary strategies that may help prevent or reduce the frequency of migraines include maintaining a consistent eating schedule, avoiding skipping meals, staying hydrated, and following a well-balanced diet rich in whole foods such as fruits, vegetables, whole grains, and lean proteins.",nutrient purpose,nutrient purpose
"How does hydration and fluid intake impact migraines, and are there specific fluids that can be beneficial?","Proper hydration is essential for migraine management. Drinking enough water throughout the day can help prevent dehydration, which is a known trigger for migraines. Additionally, herbal teas, clear broths, and electrolyte-rich beverages can be beneficial for hydration.",nutrient purpose,nutrient purpose
"Is there a connection between caffeine consumption and migraines, and should caffeine be limited or avoided?","Caffeine consumption can have different effects on migraines. While some individuals find relief from migraines with caffeine, others may experience caffeine withdrawal or increased migraine frequency. It's best to limit or avoid caffeine if it triggers migraines or disrupts sleep patterns.",nutrient purpose,nutrient purpose
Are there any specific nutrients or supplements that may be beneficial in managing migraines?,"While individual responses may vary, some nutrients and supplements have shown promise in managing migraines. These include magnesium, riboflavin (vitamin B2), coenzyme Q10, and omega-3 fatty acids. However, it's important to consult with a healthcare professional before starting any supplements to ensure safety and appropriate dosage.",nutrient purpose,nutrient purpose
"How does diet affect mental health, particularly in relation to depression?","Diet plays a significant role in mental health, including depression. Certain nutrients and dietary patterns can affect neurotransmitter levels, inflammation, and overall brain health, which can influence mood and symptoms of depression.",nutrient purpose,nutrient purpose
Are there specific foods or nutrients that can support mood and help alleviate symptoms of depression?,"Several foods and nutrients are known to support mood and alleviate symptoms of depression. These include foods rich in omega-3 fatty acids (such as fatty fish, walnuts, and flaxseeds), foods high in antioxidants (such as fruits and vegetables), whole grains, lean proteins, and foods rich in B vitamins (such as leafy greens, legumes, and fortified cereals).",nutrient purpose,nutrient purpose
"What is the role of omega-3 fatty acids in depression, and what are some food sources rich in omega-3s?","Omega-3 fatty acids, particularly EPA and DHA, have been associated with a reduced risk of depression and may have a positive impact on mood. Good food sources of omega-3s include fatty fish (such as salmon, mackerel, and sardines), walnuts, chia seeds, and flaxseeds.",nutrient purpose,nutrient purpose
"Can certain dietary patterns, such as the Mediterranean diet, have a positive impact on depression symptoms?","The Mediterranean diet, which emphasizes fruits, vegetables, whole grains, legumes, nuts, seeds, olive oil, and moderate amounts of fish, poultry, and dairy, has been linked to a lower risk of depression. This dietary pattern is rich in nutrients and healthy fats, and its anti-inflammatory properties may contribute to its positive effects on mental health.",nutrient purpose,nutrient purpose
Are there any foods or substances that should be avoided or limited to help manage depression?,"Certain foods and substances may negatively impact mood and should be limited or avoided for managing depression. These include highly processed foods, refined sugars, excessive caffeine, alcohol, and trans fats. These substances can contribute to inflammation, disrupt neurotransmitter balance, and affect overall mental well-being.",nutrient purpose,nutrient purpose
What dietary changes can help manage symptoms of gastroenteritis and promote recovery?,"Eat bland, easily digestible foods like toast, rice, and boiled potatoes to manage symptoms and promote recovery.",nutrient purpose,nutrient purpose
Are there specific foods or beverages that should be avoided during an episode of gastroenteritis?,"Avoid spicy, fatty, and greasy foods, as well as caffeine and alcohol, which can worsen gastroenteritis symptoms.",nutrient purpose,nutrient purpose
"How important is hydration in the management of gastroenteritis, and what are some recommended fluids to consume?","Hydration is crucial in managing gastroenteritis. Drink plenty of fluids like water, clear broth, and oral rehydration solutions to replace lost fluids and electrolytes.",nutrient purpose,nutrient purpose
Are there any dietary strategies to help prevent the spread of gastroenteritis in a household or community setting?,"Practice good hygiene, such as frequent handwashing, proper food handling, and avoiding sharing utensils, to prevent the spread of gastroenteritis.",nutrient purpose,nutrient purpose
What are some nutrient-rich foods that can aid in the recovery process and support gastrointestinal health after gastroenteritis?,"Focus on consuming nutrient-rich foods like fruits, vegetables, lean proteins, and probiotic-rich foods to support gastrointestinal health and aid in the recovery process.",nutrient purpose,nutrient purpose
Can diet play a role in reducing the risk of breast cancer?,"A healthy diet can help reduce the risk of breast cancer by focusing on a balanced intake of fruits, vegetables, whole grains, lean proteins, and healthy fats.",nutrient purpose,nutrient purpose
What are some dietary recommendations for individuals diagnosed with breast cancer?,"For individuals diagnosed with breast cancer, it is recommended to follow a well-rounded diet that includes plenty of fruits, vegetables, whole grains, lean proteins, and low-fat dairy products while limiting processed foods, sugary beverages, and excessive alcohol intake.",nutrient purpose,nutrient purpose
Are there specific foods or nutrients that are known to have a protective effect against breast cancer?,"Certain foods and nutrients, such as cruciferous vegetables, berries, oily fish, and foods rich in antioxidants, vitamins, and minerals, are known to have a protective effect against breast cancer.",nutrient purpose,nutrient purpose
How does maintaining a healthy weight through diet and lifestyle choices impact breast cancer risk?,Maintaining a healthy weight through a balanced diet and regular physical activity can help reduce the risk of breast cancer and improve overall health outcomes.,nutrient purpose,nutrient purpose
What are some dietary strategies to manage the side effects of breast cancer treatments?,"To manage side effects of breast cancer treatments, it is advisable to focus on consuming small, frequent meals, staying hydrated, incorporating gentle and easily digestible foods, and discussing any specific concerns or dietary adjustments with a healthcare team or registered dietitian.",nutrient purpose,nutrient purpose
How does diet impact the risk of developing cardiovascular disease?,"Diet impacts the risk of developing cardiovascular disease by influencing factors such as blood pressure, cholesterol levels, and inflammation. A diet high in saturated and trans fats, cholesterol, sodium, and added sugars increases the risk, while a diet rich in fruits, vegetables, whole grains, lean proteins, and healthy fats reduces the risk.",nutrient purpose,nutrient purpose
Are there specific dietary recommendations to promote heart health and reduce the risk of cardiovascular disease?,"Specific dietary recommendations to promote heart health and reduce the risk of cardiovascular disease include following a balanced diet known as the DASH (Dietary Approaches to Stop Hypertension) or Mediterranean diet. These diets emphasize fruits, vegetables, whole grains, lean proteins, and unsaturated fats, while limiting processed foods, saturated and trans fats, sodium, and added sugars.",nutrient purpose,nutrient purpose
What are some foods that are beneficial for maintaining a healthy heart and preventing cardiovascular disease?,"Foods beneficial for maintaining a healthy heart and preventing cardiovascular disease include fatty fish (such as salmon), nuts and seeds, olive oil, whole grains, legumes, fruits, and vegetables. These foods are rich in nutrients like omega-3 fatty acids, fiber, antioxidants, and plant sterols, which have been linked to heart health.",nutrient purpose,nutrient purpose
Are there any foods or nutrients that should be limited or avoided to reduce the risk of cardiovascular disease?,"To reduce the risk of cardiovascular disease, it is recommended to limit or avoid foods high in saturated and trans fats (such as fried foods, processed snacks, and fatty meats), excess sodium (found in processed foods and condiments), added sugars (like sugary drinks and sweets), and refined grains (such as white bread and white rice).",nutrient purpose,nutrient purpose
"How does a balanced diet, along with other lifestyle factors like regular exercise and stress management, contribute to overall cardiovascular health?","A balanced diet, along with regular exercise and stress management, contributes to overall cardiovascular health by helping maintain a healthy weight, managing blood pressure and cholesterol levels, reducing inflammation, and supporting optimal heart function.",nutrient purpose,nutrient purpose
How does diet impact liver health and the management of hepatitis?,"Diet plays a crucial role in liver health and the management of hepatitis. A healthy diet can support liver function, aid in the regeneration of liver cells, and minimize further damage to the liver.",nutrient purpose,nutrient purpose
Are there specific dietary recommendations for individuals with hepatitis to support liver function and minimize further damage?,"Specific dietary recommendations for individuals with hepatitis include consuming a well-balanced diet that is low in fat, sugar, and salt. It is important to focus on consuming nutrient-dense foods, such as fruits, vegetables, whole grains, lean proteins, and healthy fats.",nutrient purpose,nutrient purpose
What foods should be included in a liver-friendly diet for individuals with hepatitis?,"A liver-friendly diet for individuals with hepatitis should include foods that are rich in antioxidants, vitamins, and minerals. Some examples include leafy greens, berries, citrus fruits, cruciferous vegetables, whole grains, lean proteins (such as fish, poultry, and legumes), and healthy fats (such as olive oil and avocados).",nutrient purpose,nutrient purpose
Are there any foods or substances that should be avoided or limited to protect the liver in individuals with hepatitis?,"To protect the liver, individuals with hepatitis should avoid or limit alcohol consumption, as alcohol can worsen liver damage. It is also important to avoid foods high in saturated fats, processed foods, and sugary beverages, as they can contribute to inflammation and liver stress.",nutrient purpose,nutrient purpose
How does maintaining a healthy weight and practicing proper nutrition support the treatment and recovery process for individuals with hepatitis?,"Maintaining a healthy weight and practicing proper nutrition are essential for individuals with hepatitis. A healthy weight can reduce the strain on the liver, improve overall liver function, and support the effectiveness of hepatitis treatment. It is recommended to work with a healthcare professional or registered dietitian to develop a personalized nutrition plan based on individual needs and the specific type of hepatitis.",nutrient purpose,nutrient purpose
How does diet impact the management of Parkinson's disease?,"Diet plays a role in the management of Parkinson's disease by supporting overall health and well-being. Although it cannot cure the disease, a healthy diet can help optimize nutrition and potentially alleviate some symptoms.",nutrient purpose,nutrient purpose
Are there specific dietary recommendations to support brain health and alleviate symptoms of Parkinson's disease?,"Specific dietary recommendations for individuals with Parkinson's disease emphasize a balanced diet that includes fruits, vegetables, whole grains, lean proteins, and healthy fats. Antioxidant-rich foods, such as berries and leafy greens, are believed to have neuroprotective benefits for brain health.",nutrient purpose,nutrient purpose
What foods should be included in a Parkinson's-friendly diet to optimize nutrition and overall well-being?,"In a Parkinson's-friendly diet, it is important to include foods that provide essential nutrients, such as omega-3 fatty acids (found in fatty fish like salmon), vitamin D (found in fortified dairy products or obtained from sunlight exposure), and fiber (found in whole grains, legumes, and fruits).",nutrient purpose,nutrient purpose
Are there any foods or substances that should be avoided or limited to minimize the impact on Parkinson's symptoms?,"Some individuals with Parkinson's disease may find it beneficial to limit or avoid certain foods or substances that can interfere with medication efficacy or worsen symptoms. These may include high-protein meals that can interfere with the absorption of levodopa, a common medication for Parkinson's, as well as caffeine and alcohol, which may exacerbate tremors or sleep disturbances.",nutrient purpose,nutrient purpose
"How does a balanced diet, along with other lifestyle factors like regular exercise and proper medication management, contribute to the overall management of Parkinson's disease?","A balanced diet, combined with regular exercise and proper medication management, can contribute to the overall management of Parkinson's disease. Regular meals and proper hydration are important to ensure optimal medication absorption and minimize fluctuations in symptoms.",nutrient purpose,nutrient purpose
What are some foods that are considered beneficial for ovarian health and may help prevent or shrink ovarian cysts?,"Foods beneficial for ovarian health include those high in antioxidants, such as berries, leafy greens, and cruciferous vegetables.",nutrient purpose,nutrient purpose
Are there any foods or substances that should be limited or avoided to potentially reduce the risk or aggravation of ovarian cysts?,"It is advisable to limit or avoid processed foods, sugary snacks, and excessive caffeine intake.",nutrient purpose,nutrient purpose
